Country or Area,Year,Quantity
Albania,2014,2.08
Albania,2011,8.9
Albania,2010,4.21
Albania,2009,11.16
Albania,2008,29.04
Albania,2007,31
Albania,2006,48
Albania,2005,68
Albania,2004,68
Albania,2003,46
Albania,2002,80
Albania,2001,42
Albania,2000,43
Albania,1999,45
Albania,1998,62
Albania,1997,91
Albania,1996,114
Albania,1995,123
Albania,1994,82
Albania,1993,106
Albania,1992,236
Albania,1991,350
Albania,1990,231
Algeria,2014,6594
Algeria,2013,5358
Algeria,2012,5115
Algeria,2011,5848
Algeria,2010,5749
Algeria,2009,5581
Algeria,2008,6009
Algeria,2007,5518
Algeria,2006,5340
Algeria,2005,5055
Algeria,2004,5560
Algeria,2003,6093
Algeria,2002,5833
Algeria,2001,5755
Algeria,2000,5526
Algeria,1999,5683
Algeria,1998,5061
Algeria,1997,5556
Algeria,1996,4983
Algeria,1995,5304
Algeria,1994,5085
Algeria,1993,5522
Algeria,1992,5700
Algeria,1991,5645
Algeria,1990,5948
Angola,2014,921
Angola,2013,815
Angola,2012,737
Angola,2011,727
Angola,2010,680
Angola,2009,671
Angola,2008,680
Angola,2007,601
Angola,2006,587
Angola,2005,609
Angola,2004,603.97
Angola,2003,609
Angola,2002,591
Angola,2001,553
Angola,2000,595
Angola,1999,646
Angola,1998,644
Angola,1997,699
Angola,1996,680
Angola,1995,638
Angola,1994,601
Angola,1993,517
Angola,1992,547
Angola,1991,655
Angola,1990,653
Argentina,2014,4617
Argentina,2013,4309
Argentina,2012,3953
Argentina,2011,3351
Argentina,2010,3653
Argentina,2009,3219
Argentina,2008,4714
Argentina,2007,4267
Argentina,2006,3422
Argentina,2005,2795
Argentina,2004,2368
Argentina,2003,1946
Argentina,2002,1803
Argentina,2001,2361
Argentina,2000,2138
Argentina,1999,2545
Argentina,1998,2445
Argentina,1997,2555
Argentina,1996,1924
Argentina,1995,2282
Argentina,1994,2748
Argentina,1993,3089
Argentina,1992,3370
Argentina,1991,3654
Argentina,1990,4239
Australia,2014,645
Australia,2013,888
Australia,2012,945
Australia,2011,954
Australia,2010,860
Australia,2009,890
Australia,2008,984
Australia,2007,952
Australia,2006,1051
Australia,2005,1085
Australia,2004,1071
Australia,2003,1310
Australia,2002,1696
Australia,2001,1886
Australia,2000,1769
Australia,1999,1592
Australia,1998,1605
Australia,1997,1808
Australia,1996,2077
Australia,1995,2476
Australia,1994,2293
Australia,1993,2567
Australia,1992,2645
Australia,1991,2611
Australia,1990,2440
Austria,2014,981
Austria,2013,1011
Austria,2012,953
Austria,2011,822
Austria,2010,815
Austria,2009,989
Austria,2008,923
Austria,2007,1061
Austria,2006,1095
Austria,2005,1200
Austria,2004,1229
Austria,2003,1147
Austria,2002,1169
Austria,2001,1209
Austria,2000,1075
Austria,1999,1463
Austria,1998,1499
Austria,1997,1565
Austria,1996,1599
Austria,1995,1596
Austria,1994,1559
Austria,1993,1678
Austria,1992,1821
Austria,1991,1981
Austria,1990,1913
Azerbaijan,2014,207
Azerbaijan,2013,285
Azerbaijan,2012,286
Azerbaijan,2011,254
Azerbaijan,2010,231
Azerbaijan,2009,287
Azerbaijan,2008,1624
Azerbaijan,2007,2949
Azerbaijan,2006,2899
Azerbaijan,2005,3061
Azerbaijan,2004,2521
Azerbaijan,2003,2470
Azerbaijan,2002,2569
Azerbaijan,2001,2648
Azerbaijan,2000,4072
Azerbaijan,1999,3871
Azerbaijan,1998,4027
Azerbaijan,1997,3868
Azerbaijan,1996,3961
Azerbaijan,1995,4220
Azerbaijan,1994,4004
Azerbaijan,1993,4930
Azerbaijan,1992,5483
Bahrain,2014,2158
Bahrain,2013,2519
Bahrain,2012,2443
Bahrain,2011,2458
Bahrain,2010,2326
Bahrain,2009,2314
Bahrain,2008,2242
Bahrain,2007,2355
Bahrain,2006,2761
Bahrain,2005,2912
Bahrain,2004,2751
Bahrain,2003,3008
Bahrain,2002,2835
Bahrain,2001,2581
Bahrain,2000,3214
Bahrain,1999,3333
Bahrain,1998,2979
Bahrain,1997,2898
Bahrain,1996,3234
Bahrain,1995,3143
Bahrain,1994,3138
Bahrain,1993,3332
Bahrain,1992,3650
Bahrain,1991,3593
Bahrain,1990,3443
Bangladesh,2014,302
Bangladesh,2013,323
Bangladesh,2012,275
Bangladesh,2011,367
Bangladesh,2010,341
Bangladesh,2009,192
Bangladesh,2008,290
Bangladesh,2007,338
Bangladesh,2006,350
Bangladesh,2005,297
Bangladesh,2004,350
Bangladesh,2003,57
Bangladesh,2002,49
Bangladesh,2001,61
Bangladesh,2000,62
Bangladesh,1999,47
Bangladesh,1998,66
Bangladesh,1997,127
Bangladesh,1996,76
Bangladesh,1995,131
Bangladesh,1994,0
Bangladesh,1993,301
Bangladesh,1992,288
Bangladesh,1991,309
Bangladesh,1990,277
Barbados,1998,0
Barbados,1997,169
Barbados,1996,165
Barbados,1995,155
Barbados,1994,143
Barbados,1993,142
Barbados,1992,131
Barbados,1991,150
Barbados,1990,152
Belarus,2014,5865
Belarus,2013,6615
Belarus,2012,7284
Belarus,2011,6407
Belarus,2010,5104
Belarus,2009,7291
Belarus,2008,6831
Belarus,2007,6195
Belarus,2006,6329
Belarus,2005,6313
Belarus,2004,5501
Belarus,2003,4790
Belarus,2002,5099
Belarus,2001,4408
Belarus,2000,4627
Belarus,1999,4305
Belarus,1998,4253
Belarus,1997,4524
Belarus,1996,4812
Belarus,1995,5592
Belarus,1994,5242
Belarus,1993,6285
Belarus,1992,9006
Belgium,2014,5512
Belgium,2013,4916
Belgium,2012,5179
Belgium,2011,5689
Belgium,2010,5543
Belgium,2009,5026
Belgium,2008,7268
Belgium,2007,7391
Belgium,2006,7128
Belgium,2005,7875
Belgium,2004,8380
Belgium,2003,8689
Belgium,2002,7603
Belgium,2001,7015
Belgium,2000,7990
Belgium,1999,6895
Belgium,1998,8042
Belgium,1997,7444
Belgium,1996,6843
Belgium,1995,4923
Belgium,1994,5379
Belgium,1993,6599
Belgium,1992,6733
Belgium,1991,7283
Belgium,1990,5636
Bolivia (Plur. State of),2014,411
Bolivia (Plur. State of),2013,376
Bolivia (Plur. State of),2012,332
Bolivia (Plur. State of),2011,416
Bolivia (Plur. State of),2010,391
Bolivia (Plur. State of),2009,338
Bolivia (Plur. State of),2008,487
Bolivia (Plur. State of),2007,528
Bolivia (Plur. State of),2006,538
Bolivia (Plur. State of),2005,531
Bolivia (Plur. State of),2004,438
Bolivia (Plur. State of),2003,454
Bolivia (Plur. State of),2002,522
Bolivia (Plur. State of),2001,441
Bolivia (Plur. State of),2000,276
Bolivia (Plur. State of),1999,285
Bolivia (Plur. State of),1998,332
Bolivia (Plur. State of),1997,286
Bolivia (Plur. State of),1996,304
Bolivia (Plur. State of),1995,273
Bolivia (Plur. State of),1994,248
Bolivia (Plur. State of),1993,214
Bolivia (Plur. State of),1992,202
Bolivia (Plur. State of),1991,210
Bolivia (Plur. State of),1990,197
Bosnia and Herzegovina,2014,143
Bosnia and Herzegovina,2013,116
Bosnia and Herzegovina,2012,176
Bosnia and Herzegovina,2011,218
Bosnia and Herzegovina,2010,257
Bosnia and Herzegovina,2009,338
Bosnia and Herzegovina,2008,54
Bosnia and Herzegovina,2007,0
Bosnia and Herzegovina,2006,0
Bosnia and Herzegovina,2005,74
Bosnia and Herzegovina,2004,78
Bosnia and Herzegovina,2003,36
Bosnia and Herzegovina,2002,115
Bosnia and Herzegovina,2001,114
Bosnia and Herzegovina,2000,215
Brazil,2014,16010
Brazil,2013,14618
Brazil,2012,13747
Brazil,2011,13289
Brazil,2010,14115
Brazil,2009,14386
Brazil,2008,15553
Brazil,2007,15707
Brazil,2006,15661
Brazil,2005,15461
Brazil,2004,16074
Brazil,2003,15779
Brazil,2002,16925
Brazil,2001,17797
Brazil,2000,16791
Brazil,1999,16670
Brazil,1998,17183
Brazil,1997,14988
Brazil,1996,13473
Brazil,1995,11756
Brazil,1994,11909
Brazil,1993,11700
Brazil,1992,12034
Brazil,1991,11386
Brazil,1990,11937
Brunei Darussalam,2014,72
Brunei Darussalam,2013,80
Brunei Darussalam,2012,66
Brunei Darussalam,2011,98
Brunei Darussalam,2010,91
Brunei Darussalam,2009,84
Brunei Darussalam,2008,91
Brunei Darussalam,2007,97
Brunei Darussalam,2006,103
Brunei Darussalam,2005,92
Brunei Darussalam,2004,89
Brunei Darussalam,2003,77
Brunei Darussalam,2002,70
Brunei Darussalam,2001,75
Brunei Darussalam,2000,72
Brunei Darussalam,1999,60
Brunei Darussalam,1998,60
Brunei Darussalam,1997,60
Brunei Darussalam,1996,60
Brunei Darussalam,1995,68
Brunei Darussalam,1994,69
Brunei Darussalam,1993,53
Brunei Darussalam,1992,50
Brunei Darussalam,1991,48
Brunei Darussalam,1990,37
Bulgaria,2014,1617
Bulgaria,2013,1640
Bulgaria,2012,1488
Bulgaria,2011,1424
Bulgaria,2010,1422
Bulgaria,2009,1536
Bulgaria,2008,1596
Bulgaria,2007,1550
Bulgaria,2006,1512
Bulgaria,2005,1230
Bulgaria,2004,965
Bulgaria,2003,718
Bulgaria,2002,1203
Bulgaria,2001,1095
Bulgaria,2000,1127
Bulgaria,1999,1269
Bulgaria,1998,1327
Bulgaria,1997,1477
Bulgaria,1996,1735
Bulgaria,1995,2056
Bulgaria,1994,2268
Bulgaria,1993,2087
Bulgaria,1992,831
Bulgaria,1991,1812
Bulgaria,1990,2478
Cameroon,2014,402
Cameroon,2013,379
Cameroon,2012,359
Cameroon,2011,343
Cameroon,2010,329
Cameroon,2009,259
Cameroon,2008,354
Cameroon,2007,364
Cameroon,2006,354
Cameroon,2005,341
Cameroon,2004,388
Cameroon,2003,384
Cameroon,2002,317
Cameroon,2001,358
Cameroon,2000,397
Cameroon,1999,342
Cameroon,1998,491
Cameroon,1997,468
Cameroon,1996,385
Cameroon,1995,345
Cameroon,1994,380
Cameroon,1993,290
Cameroon,1992,285
Cameroon,1991,225
Cameroon,1990,180
Canada,2014,6175
Canada,2013,6751
Canada,2012,7292
Canada,2011,6630
Canada,2010,6719
Canada,2009,6366
Canada,2008,7870
Canada,2007,8407
Canada,2006,7763
Canada,2005,8263
Canada,2004,8724
Canada,2003,7989
Canada,2002,6879
Canada,2001,7319
Canada,2000,6564
Canada,1999,6402
Canada,1998,7234
Canada,1997,6821
Canada,1996,6363
Canada,1995,5935
Canada,1994,6298
Canada,1993,6724
Canada,1992,6967
Canada,1991,7587
Canada,1990,8223
Chile,2014,1185
Chile,2013,1252
Chile,2012,1192
Chile,2011,1238
Chile,2010,1401
Chile,2009,1802
Chile,2008,1906
Chile,2007,2445
Chile,2006,2646
Chile,2005,2306
Chile,2004,2294
Chile,2003,1814
Chile,2002,1368
Chile,2001,1574
Chile,2000,1592
Chile,1999,1425
Chile,1998,1576
Chile,1997,1663
Chile,1996,1655
Chile,1995,1737
Chile,1994,1601
Chile,1993,1553
Chile,1992,1581
Chile,1991,1451
Chile,1990,1562
China,2014,35416.8
China,2013,27758.9
China,2012,22532.3
China,2011,22818
China,2010,24869.7
China,2009,13534
China,2008,17374
China,2007,19672
China,2006,17847
China,2005,17674
China,2004,20293
China,2003,20048
China,2002,18455
China,2001,18644
China,2000,20537
China,1999,19594
China,1998,21004
China,1997,23112
China,1996,25045
China,1995,29607
China,1994,30490
China,1993,31959
China,1992,32322
China,1991,32440
China,1990,32679
Colombia,2014,4521
Colombia,2013,4333
Colombia,2012,4093
Colombia,2011,3923
Colombia,2010,3871
Colombia,2009,3251
Colombia,2008,3318
Colombia,2007,3318
Colombia,2006,2792.0228
Colombia,2005,3056.1823
Colombia,2004,3330
Colombia,2003,2932
Colombia,2002,3136
Colombia,2001,2986
Colombia,2000,2922
Colombia,1999,3123
Colombia,1998,2817
Colombia,1997,2979
Colombia,1996,2890
Colombia,1995,3027
Colombia,1994,3002
Colombia,1993,3120
Colombia,1992,3639
Colombia,1991,4120
Colombia,1990,3753
Congo,2014,332
Congo,2013,321
Congo,2012,272
Congo,2011,197
Congo,2010,227
Congo,2009,349
Congo,2008,327
Congo,2007,437
Congo,2006,377
Congo,2005,294
Congo,2004,295
Congo,2003,287
Congo,2002,228
Congo,2001,267
Congo,2000,209
Congo,1999,0
Congo,1998,0
Congo,1997,107
Congo,1996,165
Congo,1995,243
Congo,1994,145
Congo,1993,270
Congo,1992,267
Congo,1991,311
Congo,1990,317
Costa Rica,2011,61.37511287
Costa Rica,2010,201.514492
Costa Rica,2009,93.382283
Costa Rica,2008,205.986817
Costa Rica,2007,339.096025
Costa Rica,2006,302.807657
Costa Rica,2005,241.406785
Costa Rica,2004,247
Costa Rica,2003,222
Costa Rica,2002,239
Costa Rica,2001,156.7244
Costa Rica,2000,0.546
Costa Rica,1999,0
Costa Rica,1998,26
Costa Rica,1997,325
Costa Rica,1996,310
Costa Rica,1995,320
Costa Rica,1994,221
Costa Rica,1993,253
Costa Rica,1992,237
Costa Rica,1991,172
Costa Rica,1990,227
C̫te d'Ivoire,2014,396
C̫te d'Ivoire,2013,467
C̫te d'Ivoire,2012,543
C̫te d'Ivoire,2011,328
C̫te d'Ivoire,2010,521
C̫te d'Ivoire,2009,438
C̫te d'Ivoire,2008,657
C̫te d'Ivoire,2007,500
C̫te d'Ivoire,2006,521
C̫te d'Ivoire,2005,687.3694
C̫te d'Ivoire,2004,431.339
C̫te d'Ivoire,2003,318.1387
C̫te d'Ivoire,2002,337.132
C̫te d'Ivoire,2001,327.635328
C̫te d'Ivoire,2000,660.968661
C̫te d'Ivoire,1999,612.535613
C̫te d'Ivoire,1998,470.08547
C̫te d'Ivoire,1997,665
C̫te d'Ivoire,1996,718
C̫te d'Ivoire,1995,705
C̫te d'Ivoire,1994,474
C̫te d'Ivoire,1993,470
C̫te d'Ivoire,1992,468
C̫te d'Ivoire,1991,410
C̫te d'Ivoire,1990,468
Croatia,2014,423
Croatia,2013,514
Croatia,2012,563
Croatia,2011,731
Croatia,2010,869
Croatia,2009,1066
Croatia,2008,1128
Croatia,2007,1180
Croatia,2006,1097
Croatia,2005,1160
Croatia,2004,1012
Croatia,2003,1036
Croatia,2002,1062
Croatia,2001,1021
Croatia,2000,1111
Croatia,1999,1593
Croatia,1998,1395
Croatia,1997,1484
Croatia,1996,1340
Croatia,1995,1425
Croatia,1994,1367
Croatia,1993,1674
Croatia,1992,1418
Cuba,2014,2314.5
Cuba,2013,2352.3
Cuba,2012,2520
Cuba,2011,2322
Cuba,2010,2436
Cuba,2009,2629
Cuba,2008,2668
Cuba,2007,940
Cuba,2006,892
Cuba,2005,859
Cuba,2004,858
Cuba,2003,1024
Cuba,2002,774
Cuba,2001,903
Cuba,2000,780
Cuba,1999,341
Cuba,1998,416
Cuba,1997,537
Cuba,1996,862
Cuba,1995,664
Cuba,1994,743
Cuba,1993,884
Cuba,1992,713
Cuba,1991,2515
Cuba,1990,3495
Cura̤ao,2014,3505
Cura̤ao,2013,3792
Cura̤ao,2012,3101
Cyprus,2004,112
Cyprus,2003,362
Cyprus,2002,423
Cyprus,2001,482
Cyprus,2000,491
Cyprus,1999,495
Cyprus,1998,442
Cyprus,1997,421
Cyprus,1996,316
Cyprus,1995,317
Cyprus,1994,316
Cyprus,1993,313
Cyprus,1992,264
Cyprus,1991,235
Cyprus,1990,162
Czechia,2014,125
Czechia,2013,148
Czechia,2012,145
Czechia,2011,195
Czechia,2010,239
Czechia,2009,260
Czechia,2008,335
Czechia,2007,417
Czechia,2006,381
Czechia,2005,581
Czechia,2004,394
Czechia,2003,445
Czechia,2002,376
Czechia,2001,773
Czechia,2000,911
Czechia,1999,1128
Czechia,1998,1512
Czechia,1997,1523
Czechia,1996,1634
Czechia,1995,1466
Czechia,1994,1716
Czechia,1993,1659
Czechia,1992,1797
Czechoslovakia (former),1991,3454
Czechoslovakia (former),1990,4394
Dem. Rep. of the Congo,2000,0
Dem. Rep. of the Congo,1999,31
Dem. Rep. of the Congo,1998,15
Dem. Rep. of the Congo,1997,0
Dem. Rep. of the Congo,1996,0
Dem. Rep. of the Congo,1995,0
Dem. Rep. of the Congo,1994,9
Dem. Rep. of the Congo,1993,33
Dem. Rep. of the Congo,1992,34
Dem. Rep. of the Congo,1991,55
Dem. Rep. of the Congo,1990,70
Denmark,2014,1242
Denmark,2013,1213
Denmark,2012,1312
Denmark,2011,1147
Denmark,2010,1276
Denmark,2009,1265
Denmark,2008,1379
Denmark,2007,1415
Denmark,2006,1471
Denmark,2005,1405
Denmark,2004,1557
Denmark,2003,1519
Denmark,2002,1574
Denmark,2001,1569
Denmark,2000,1717
Denmark,1999,1599
Denmark,1998,1560
Denmark,1997,1678
Denmark,1996,2360
Denmark,1995,2389
Denmark,1994,2284
Denmark,1993,2358
Denmark,1992,2189
Denmark,1991,2068
Denmark,1990,2220
Dominican Republic,2014,367.16
Dominican Republic,2013,391.85
Dominican Republic,2012,332.71
Dominican Republic,2011,372.62
Dominican Republic,2010,379.01
Dominican Republic,2009,365.52
Dominican Republic,2008,674.1
Dominican Republic,2007,752.41
Dominican Republic,2006,762
Dominican Republic,2005,812
Dominican Republic,2004,839
Dominican Republic,2003,449
Dominican Republic,2002,486
Dominican Republic,2001,450
Dominican Republic,2000,566
Dominican Republic,1999,688
Dominican Republic,1998,677
Dominican Republic,1997,1106
Dominican Republic,1996,1044
Dominican Republic,1995,1013
Dominican Republic,1994,984
Dominican Republic,1993,928
Dominican Republic,1992,876
Dominican Republic,1991,831
Dominican Republic,1990,752
Ecuador,2014,2211.1
Ecuador,2013,2479
Ecuador,2012,2689.3
Ecuador,2011,2844.6
Ecuador,2010,2488.7
Ecuador,2009,2800.7
Ecuador,2008,3942
Ecuador,2007,3815
Ecuador,2006,3406
Ecuador,2005,3352
Ecuador,2004,3195
Ecuador,2003,2957
Ecuador,2002,3318
Ecuador,2001,3786
Ecuador,2000,3914
Ecuador,1999,3546
Ecuador,1998,3740
Ecuador,1997,3728
Ecuador,1996,3253
Ecuador,1995,3095
Ecuador,1994,2736
Ecuador,1993,2361
Ecuador,1992,2392
Ecuador,1991,2485
Ecuador,1990,2669
Egypt,2014,7736
Egypt,2013,7858
Egypt,2012,9180
Egypt,2011,8902
Egypt,2010,8851
Egypt,2009,9166
Egypt,2008,9529
Egypt,2007,10989
Egypt,2006,10653
Egypt,2005,10966
Egypt,2004,11273
Egypt,2003,10577
Egypt,2002,10003
Egypt,2001,10589
Egypt,2000,11257
Egypt,1999,12314
Egypt,1998,13123
Egypt,1997,12928
Egypt,1996,12745
Egypt,1995,12044
Egypt,1994,12071
Egypt,1993,11735
Egypt,1992,11258
Egypt,1991,11675
Egypt,1990,11315
El Salvador,2012,302
El Salvador,2011,379
El Salvador,2010,466
El Salvador,2009,465
El Salvador,2008,410
El Salvador,2007,477
El Salvador,2006,462
El Salvador,2005,569
El Salvador,2004,569
El Salvador,2003,494
El Salvador,2002,526
El Salvador,2001,591
El Salvador,2000,543
El Salvador,1999,550
El Salvador,1998,497
El Salvador,1997,378
El Salvador,1996,309
El Salvador,1995,217
El Salvador,1994,251
El Salvador,1993,279
El Salvador,1992,268
El Salvador,1991,272
El Salvador,1990,224
Eritrea,1997,173
Eritrea,1996,286
Eritrea,1995,267
Eritrea,1994,330
"Ethiopia, incl. Eritrea",1993,301
"Ethiopia, incl. Eritrea",1992,297
"Ethiopia, incl. Eritrea",1991,302
"Ethiopia, incl. Eritrea",1990,301
Finland,2014,1224
Finland,2013,1330
Finland,2012,1287
Finland,2011,1294
Finland,2010,1209
Finland,2009,1435
Finland,2008,1372
Finland,2007,1402
Finland,2006,1272
Finland,2005,1318
Finland,2004,1445
Finland,2003,1267
Finland,2002,1403
Finland,2001,1306
Finland,2000,1407
Finland,1999,1292
Finland,1998,1297
Finland,1997,1105
Finland,1996,1220
Finland,1995,1032
Finland,1994,1090
Finland,1993,1085
Finland,1992,1147
Finland,1991,1449
Finland,1990,1610
France,2014,6481
France,2013,6735
France,2012,8237
France,2011,9024
France,2010,9196
France,2009,9483
France,2008,11415
France,2007,11441
France,2006,11955
France,2005,11823
France,2004,11887
France,2003,10919
France,2002,10626
France,2001,11291
France,2000,11068
France,1999,10799
France,1998,12150
France,1997,11052
France,1996,10516
France,1995,10638
France,1994,10647
France,1993,12621
France,1992,12481
France,1991,12436
France,1990,12363
Gabon,2014,411
Gabon,2013,429
Gabon,2012,386
Gabon,2011,536
Gabon,2010,528
Gabon,2009,446
Gabon,2008,364
Gabon,2007,356
Gabon,2006,325
Gabon,2005,314
Gabon,2004,316
Gabon,2003,285
Gabon,2002,362
Gabon,2001,244
Gabon,2000,256
Gabon,1999,335
Gabon,1998,303
Gabon,1997,277
Gabon,1996,298
Gabon,1995,304
Gabon,1994,276
Gabon,1993,308
Gabon,1992,312
Gabon,1991,74
Gabon,1990,102
Georgia,2009,5
Georgia,2008,17
Georgia,2007,13
Georgia,2006,4
Georgia,2005,4
Georgia,2004,14
Georgia,2003,13
Georgia,2002,12
Georgia,2001,10
Georgia,2000,10
Georgia,1999,18
Georgia,1998,15
Georgia,1997,10
Georgia,1996,7
Georgia,1995,18
Georgia,1994,90
Georgia,1993,136
Georgia,1992,189
German Dem. R. (former),1990,4000
Germany,2014,7696
Germany,2013,7776
Germany,2012,8319
Germany,2011,7754
Germany,2010,7942
Germany,2009,9756
Germany,2008,12023
Germany,2007,13669
Germany,2006,13684
Germany,2005,13340
Germany,2004,14013
Germany,2003,12232
Germany,2002,12183
Germany,2001,13192
Germany,2000,13068
Germany,1999,11821
Germany,1998,13550
Germany,1997,12220
Germany,1996,13358
Germany,1995,13581
Germany,1994,13929
Germany,1993,14249
Germany,1992,14080
Germany,1991,12223
"Germany, Fed. R. (former)",1990,8746
Ghana,2014,43.7
Ghana,2013,43.5
Ghana,2012,79.2
Ghana,2011,90.6
Ghana,2010,96.8
Ghana,2009,25.3
Ghana,2008,225
Ghana,2007,49
Ghana,2006,156
Ghana,2005,206
Ghana,2004,199
Ghana,2003,164
Ghana,2002,196
Ghana,2001,261
Ghana,2000,262
Ghana,1999,340
Ghana,1998,193
Ghana,1997,286
Ghana,1996,286
Ghana,1995,284
Ghana,1994,283
Ghana,1993,288
Ghana,1992,283
Ghana,1991,281
Ghana,1990,279
Greece,2014,6043
Greece,2013,5447
Greece,2012,5111
Greece,2011,5053
Greece,2010,5878
Greece,2009,5959
Greece,2008,6008
Greece,2007,7116
Greece,2006,6953
Greece,2005,6956
Greece,2004,7095
Greece,2003,7456
Greece,2002,7188
Greece,2001,7361
Greece,2000,7510
Greece,1999,6326
Greece,1998,6959
Greece,1997,7149
Greece,1996,7424
Greece,1995,6061
Greece,1994,5308
Greece,1993,4419
Greece,1992,5284
Greece,1991,5374
Greece,1990,5596
Guatemala,2002,211
Guatemala,2001,290
Guatemala,2000,318
Guatemala,1999,323
Guatemala,1998,248
Guatemala,1997,230
Guatemala,1996,267
Guatemala,1995,262
Guatemala,1994,270
Guatemala,1993,277
Guatemala,1992,284
Guatemala,1991,245
Guatemala,1990,203
Honduras,1992,153
Honduras,1991,160
Honduras,1990,164
Hungary,2014,67
Hungary,2013,84
Hungary,2012,81
Hungary,2011,150
Hungary,2010,111
Hungary,2009,168
Hungary,2008,207
Hungary,2007,200
Hungary,2006,232
Hungary,2005,218
Hungary,2004,313
Hungary,2003,367
Hungary,2002,358
Hungary,2001,1291
Hungary,2000,1442
Hungary,1999,1533
Hungary,1998,1253
Hungary,1997,1358
Hungary,1996,1502
Hungary,1995,1716
Hungary,1994,1780
Hungary,1993,2147
Hungary,1992,1929
Hungary,1991,1789
Hungary,1990,1726
India,2014,11919
India,2013,13405
India,2012,15054
India,2011,19456
India,2010,20519
India,2009,18346
India,2008,17684
India,2007,15804
India,2006,15697
India,2005,14305
India,2004,14970
India,2003,13372
India,2002,12167
India,2001,12227
India,2000,11392
India,1999,11438
India,1998,10953
India,1997,10775
India,1996,10088
India,1995,9604
India,1994,9860
India,1993,10432
India,1992,10580
India,1991,9416
India,1990,9310
Indonesia,2014,8369
Indonesia,2013,8501
Indonesia,2012,8472
Indonesia,2011,8833
Indonesia,2010,9757
Indonesia,2009,9664
Indonesia,2008,9415
Indonesia,2007,10173
Indonesia,2006,10127
Indonesia,2005,10352
Indonesia,2004,10995
Indonesia,2003,11755
Indonesia,2002,11951
Indonesia,2001,12009
Indonesia,2000,11421
Indonesia,1999,11420
Indonesia,1998,11560
Indonesia,1997,11170
Indonesia,1996,12087
Indonesia,1995,13338
Indonesia,1994,11000
Indonesia,1993,10900
Indonesia,1992,10820
Indonesia,1991,10755
Indonesia,1990,10690
Iran (Islamic Rep. of),2014,23441
Iran (Islamic Rep. of),2013,26879.39221
Iran (Islamic Rep. of),2012,27700.8547
Iran (Islamic Rep. of),2011,26688.50902
Iran (Islamic Rep. of),2010,26481.48148
Iran (Islamic Rep. of),2009,26378.91738
Iran (Islamic Rep. of),2008,26809.11681
Iran (Islamic Rep. of),2007,25310.54131
Iran (Islamic Rep. of),2006,26500.47483
Iran (Islamic Rep. of),2005,26390.31339
Iran (Islamic Rep. of),2004,25839
Iran (Islamic Rep. of),2003,26585
Iran (Islamic Rep. of),2002,27620
Iran (Islamic Rep. of),2001,27626
Iran (Islamic Rep. of),2000,28415
Iran (Islamic Rep. of),1999,29032
Iran (Islamic Rep. of),1998,27252
Iran (Islamic Rep. of),1997,26439
Iran (Islamic Rep. of),1996,23726
Iran (Islamic Rep. of),1995,22381
Iran (Islamic Rep. of),1994,20802
Iran (Islamic Rep. of),1993,19469
Iran (Islamic Rep. of),1992,17410
Iran (Islamic Rep. of),1991,17299
Iran (Islamic Rep. of),1990,14910
Iraq,2014,13268
Iraq,2013,15656
Iraq,2012,15187
Iraq,2011,13985
Iraq,2010,13458
Iraq,2009,11526
Iraq,2008,10855
Iraq,2007,9166
Iraq,2006,9712
Iraq,2005,10032
Iraq,2004,6942
Iraq,2003,6433
Iraq,2002,9894
Iraq,2001,8423
Iraq,2000,8325
Iraq,1999,7755
Iraq,1998,7755
Iraq,1997,7601
Iraq,1996,7495
Iraq,1995,7656
Iraq,1994,7833
Iraq,1993,7000
Iraq,1992,6210
Iraq,1991,5000
Iraq,1990,7200
Ireland,2014,937
Ireland,2013,939
Ireland,2012,967
Ireland,2011,1071
Ireland,2010,969
Ireland,2009,949
Ireland,2008,1161
Ireland,2007,1250
Ireland,2006,1101
Ireland,2005,948
Ireland,2004,966
Ireland,2003,1005
Ireland,2002,1047
Ireland,2001,1132
Ireland,2000,1158
Ireland,1999,988
Ireland,1998,1099
Ireland,1997,1022
Ireland,1996,773
Ireland,1995,785
Ireland,1994,819
Ireland,1993,681
Ireland,1992,694
Ireland,1991,642
Ireland,1990,629
Israel,2014,3040
Israel,2013,2984
Israel,2012,1813
Israel,2011,2481
Israel,2010,2521
Israel,2009,2436
Israel,2008,2155
Israel,2007,2786
Israel,2006,3223
Israel,2005,3504
Israel,2004,3168
Israel,2003,3440
Israel,2002,3368
Israel,2001,2696
Israel,2000,3035
Israel,1999,3046
Israel,1998,3166
Israel,1997,2956
Israel,1996,3168
Israel,1995,3588
Israel,1994,3610
Israel,1993,3739
Israel,1992,3605
Israel,1991,3131
Israel,1990,3256
Italy,2014,5731
Italy,2013,5127
Italy,2012,9216
Italy,2011,9180
Italy,2010,10548
Italy,2009,11236
Italy,2008,12763
Italy,2007,15220
Italy,2006,15649
Italy,2005,17460
Italy,2004,15612
Italy,2003,18018
Italy,2002,17190
Italy,2001,19295
Italy,2000,19455
Italy,1999,19409
Italy,1998,20486
Italy,1997,19418
Italy,1996,18416
Italy,1995,19395
Italy,1994,21082
Italy,1993,22012
Italy,1992,22001
Italy,1991,24602
Italy,1990,23653
Jamaica,2014,566.099
Jamaica,2013,702.1736
Jamaica,2012,694.7768
Jamaica,2011,728.68
Jamaica,2010,714.6786
Jamaica,2009,749.5696
Jamaica,2008,770.2403
Jamaica,2007,670.8
Jamaica,2006,595.5
Jamaica,2005,268
Jamaica,2004,370
Jamaica,2003,495
Jamaica,2002,591
Jamaica,2001,435
Jamaica,2000,529
Jamaica,1999,269
Jamaica,1998,378
Jamaica,1997,509
Jamaica,1996,495
Jamaica,1995,482
Jamaica,1994,469
Jamaica,1993,344
Jamaica,1992,650
Jamaica,1991,444
Jamaica,1990,572
Japan,2014,18119
Japan,2013,20393
Japan,2012,24969
Japan,2011,23126
Japan,2010,21414
Japan,2009,22076
Japan,2008,26868
Japan,2007,29545
Japan,2006,28536
Japan,2005,31649
Japan,2004,30985
Japan,2003,34028
Japan,2002,32943
Japan,2001,31324
Japan,2000,35782
Japan,1999,36335
Japan,1998,39376
Japan,1997,41378
Japan,1996,39880
Japan,1995,43143
Japan,1994,46495
Japan,1993,43312
Japan,1992,43570
Japan,1991,40910
Japan,1990,40315
Jordan,2014,811.8
Jordan,2013,899.7
Jordan,2012,998.8
Jordan,2011,868.2
Jordan,2010,1080.4
Jordan,2009,919.5
Jordan,2008,1002.4
Jordan,2007,1204.8
Jordan,2006,1318.4
Jordan,2005,1388.3
Jordan,2004,1516
Jordan,2003,1251
Jordan,2002,1289
Jordan,2001,1383
Jordan,2000,1496
Jordan,1999,1237
Jordan,1998,1253
Jordan,1997,1199
Jordan,1996,1020
Jordan,1995,995
Jordan,1994,901
Jordan,1993,962
Jordan,1992,901
Jordan,1991,590
Jordan,1990,772
Kazakhstan,2014,3877
Kazakhstan,2013,3734
Kazakhstan,2012,3936
Kazakhstan,2011,4277
Kazakhstan,2010,3806
Kazakhstan,2009,3261
Kazakhstan,2008,3204
Kazakhstan,2007,2584
Kazakhstan,2006,3333
Kazakhstan,2005,3874
Kazakhstan,2004,2708
Kazakhstan,2003,2584
Kazakhstan,2002,2797
Kazakhstan,2001,2737
Kazakhstan,2000,2391
Kazakhstan,1999,2318
Kazakhstan,1998,3052
Kazakhstan,1997,3000
Kazakhstan,1996,3146
Kazakhstan,1995,3272
Kazakhstan,1994,4200
Kazakhstan,1993,5263
Kazakhstan,1992,5846
Kenya,2014,0
Kenya,2013,184
Kenya,2012,300
Kenya,2011,520
Kenya,2010,450
Kenya,2009,498
Kenya,2008,515
Kenya,2007,534.2
Kenya,2006,596
Kenya,2005,549
Kenya,2004,620
Kenya,2003,524
Kenya,2002,533
Kenya,2001,535
Kenya,2000,616
Kenya,1999,507
Kenya,1998,499
Kenya,1997,498
Kenya,1996,513
Kenya,1995,527
Kenya,1994,630
Kenya,1993,664
Kenya,1992,671
Kenya,1991,648
Kenya,1990,670
"Korea, Dem.Ppl's.Rep.",2014,109
"Korea, Dem.Ppl's.Rep.",2013,119
"Korea, Dem.Ppl's.Rep.",2012,108
"Korea, Dem.Ppl's.Rep.",2011,108
"Korea, Dem.Ppl's.Rep.",2010,108
"Korea, Dem.Ppl's.Rep.",2009,106
"Korea, Dem.Ppl's.Rep.",2008,92
"Korea, Dem.Ppl's.Rep.",2007,90
"Korea, Dem.Ppl's.Rep.",2006,75
"Korea, Dem.Ppl's.Rep.",2005,98
"Korea, Dem.Ppl's.Rep.",2004,117
"Korea, Dem.Ppl's.Rep.",2003,116
"Korea, Dem.Ppl's.Rep.",2002,119
"Korea, Dem.Ppl's.Rep.",2001,119
"Korea, Dem.Ppl's.Rep.",2000,80
"Korea, Dem.Ppl's.Rep.",1999,65
"Korea, Dem.Ppl's.Rep.",1998,104
"Korea, Dem.Ppl's.Rep.",1997,104
"Korea, Dem.Ppl's.Rep.",1996,192
"Korea, Dem.Ppl's.Rep.",1995,226
"Korea, Dem.Ppl's.Rep.",1994,184
"Korea, Dem.Ppl's.Rep.",1993,277
"Korea, Dem.Ppl's.Rep.",1992,302
"Korea, Dem.Ppl's.Rep.",1991,377
"Korea, Dem.Ppl's.Rep.",1990,431
"Korea, Republic of",2014,8133
"Korea, Republic of",2013,11801
"Korea, Republic of",2012,15282
"Korea, Republic of",2011,18496
"Korea, Republic of",2010,19002
"Korea, Republic of",2009,18470
"Korea, Republic of",2008,22370
"Korea, Republic of",2007,27363
"Korea, Republic of",2006,30793
"Korea, Republic of",2005,31305
"Korea, Republic of",2004,29912
"Korea, Republic of",2003,30095
"Korea, Republic of",2002,27833
"Korea, Republic of",2001,33349
"Korea, Republic of",2000,33967
"Korea, Republic of",1999,35542
"Korea, Republic of",1998,31077
"Korea, Republic of",1997,35112
"Korea, Republic of",1996,33392
"Korea, Republic of",1995,32741
"Korea, Republic of",1994,30759
"Korea, Republic of",1993,29596
"Korea, Republic of",1992,28067
"Korea, Republic of",1991,23169
"Korea, Republic of",1990,15982
Kuwait,2014,10204
Kuwait,2013,10207
Kuwait,2012,10825
Kuwait,2011,9766
Kuwait,2010,10880
Kuwait,2009,10159
Kuwait,2008,11301
Kuwait,2007,11559
Kuwait,2006,11951
Kuwait,2005,9166
Kuwait,2004,9760
Kuwait,2003,9800
Kuwait,2002,7491
Kuwait,2001,6083
Kuwait,2000,8644
Kuwait,1999,11050
Kuwait,1998,10749
Kuwait,1997,11623
Kuwait,1996,9640
Kuwait,1995,10115
Kuwait,1994,9511
Kuwait,1993,6703
Kuwait,1992,9342
Kuwait,1991,1527
Kuwait,1990,7011
Kyrgyzstan,2014,51
Kyrgyzstan,2013,41
Kyrgyzstan,2012,39
Kyrgyzstan,2011,46
Kyrgyzstan,2010,43.8
Kyrgyzstan,2009,39
Kyrgyzstan,2008,59
Kyrgyzstan,2007,56
Kyrgyzstan,2006,41.7
Kyrgyzstan,2005,42
Kyrgyzstan,2004,42
Kyrgyzstan,2003,39.9
Kyrgyzstan,2002,43
Kyrgyzstan,2001,40
Kyrgyzstan,2000,37
Kyrgyzstan,1999,48
Kyrgyzstan,1998,41
Kyrgyzstan,1997,38
Kyrgyzstan,1996,4
Lebanon,1992,156
Lebanon,1991,283
Lebanon,1990,226
Liberia,1990,0
Libya,2014,1655
Libya,2013,3973
Libya,2012,2895
Libya,2011,2056
Libya,2010,6584
Libya,2009,6294
Libya,2008,6410
Libya,2007,5322
Libya,2006,6633
Libya,2005,4443
Libya,2004,4597
Libya,2003,4556
Libya,2002,4659
Libya,2001,4731
Libya,2000,4666
Libya,1999,4905
Libya,1998,4707
Libya,1997,5422
Libya,1996,5172
Libya,1995,4731
Libya,1994,4636
Libya,1993,3990
Libya,1992,4190
Libya,1991,4200
Libya,1990,4100
Lithuania,2014,1475
Lithuania,2013,1833
Lithuania,2012,1709
Lithuania,2011,1760
Lithuania,2010,1741
Lithuania,2009,1660
Lithuania,2008,1955
Lithuania,2007,1381
Lithuania,2006,1938
Lithuania,2005,1799
Lithuania,2004,1673
Lithuania,2003,1381
Lithuania,2002,1229
Lithuania,2001,1161
Lithuania,2000,798
Lithuania,1999,867
Lithuania,1998,1515
Lithuania,1997,1374
Lithuania,1996,943
Lithuania,1995,831
Lithuania,1994,1375
Lithuania,1993,1798
Lithuania,1992,1533
Madagascar,2004,121.567901
Madagascar,2003,151.6505
Madagascar,2002,47.848053
Madagascar,2001,87.288699
Madagascar,2000,182.386515
Madagascar,1999,78
Madagascar,1998,76
Madagascar,1997,74
Madagascar,1996,74
Madagascar,1995,73
Madagascar,1994,73
Madagascar,1993,72
Madagascar,1992,70
Madagascar,1991,67
Madagascar,1990,65
Malaysia,2014,2359
Malaysia,2013,1297
Malaysia,2012,1621
Malaysia,2011,576
Malaysia,2010,330
Malaysia,2009,1181.953
Malaysia,2008,2010
Malaysia,2007,2006
Malaysia,2006,1992
Malaysia,2005,1791.58
Malaysia,2004,1827.87
Malaysia,2003,1777
Malaysia,2002,2351
Malaysia,2001,2288
Malaysia,2000,2553
Malaysia,1999,2624
Malaysia,1998,3259
Malaysia,1997,3153
Malaysia,1996,2794
Malaysia,1995,2307
Malaysia,1994,2887
Malaysia,1993,2375
Malaysia,1992,2110
Malaysia,1991,2655
Malaysia,1990,3241
Martinique,2014,430
Martinique,2013,406
Martinique,2012,397
Martinique,2011,388.5
Martinique,2010,367
Martinique,2009,351
Martinique,2008,344
Martinique,2007,350
Martinique,2006,317
Martinique,2005,313
Martinique,2004,326
Martinique,2003,300
Martinique,2002,300
Martinique,2001,280
Martinique,2000,278
Martinique,1999,278
Martinique,1998,275
Martinique,1997,275
Martinique,1996,275
Martinique,1995,273
Martinique,1994,272
Martinique,1993,285
Martinique,1992,282
Martinique,1991,280
Martinique,1990,277
Mauritania,1997,65.89
Mauritania,1996,60.46
Mauritania,1995,55.02
Mauritania,1994,54.48
Mauritania,1993,53.93
Mauritania,1992,53.39
Mauritania,1991,52.85
Mauritania,1990,54.3
Mexico,2014,14742
Mexico,2013,15287
Mexico,2012,15594
Mexico,2011,17486
Mexico,2010,18326
Mexico,2009,17982
Mexico,2008,16465
Mexico,2007,17147
Mexico,2006,18520
Mexico,2005,19991
Mexico,2004,21023
Mexico,2003,22581
Mexico,2002,25599
Mexico,2001,24814
Mexico,2000,24116
Mexico,1999,24346
Mexico,1998,25362
Mexico,1997,24243
Mexico,1996,24056
Mexico,1995,23695
Mexico,1994,24004
Mexico,1993,24909
Mexico,1992,23781
Mexico,1991,23553
Mexico,1990,24744
Morocco,2014,1656
Morocco,2013,2185
Morocco,2012,2118
Morocco,2011,2441
Morocco,2010,1586
Morocco,2009,1492
Morocco,2008,1880
Morocco,2007,2269
Morocco,2006,2265
Morocco,2005,2545
Morocco,2004,2264
Morocco,2003,1747
Morocco,2002,1999
Morocco,2001,2401
Morocco,2000,2365
Morocco,1999,2508
Morocco,1998,1918
Morocco,1997,1711
Morocco,1996,1755
Morocco,1995,2331
Morocco,1994,2540
Morocco,1993,2459
Morocco,1992,2143
Morocco,1991,2027
Morocco,1990,2046
Myanmar,2014,60.74
Myanmar,2013,54.61
Myanmar,2012,65.42
Myanmar,2011,70.94
Myanmar,2010,64.43
Myanmar,2009,76.47
Myanmar,2008,91.25
Myanmar,2007,84.55
Myanmar,2006,88.91
Myanmar,2005,90.99
Myanmar,2004,49
Myanmar,2003,67
Myanmar,2002,102
Myanmar,2001,114
Myanmar,2000,135
Myanmar,1999,116
Myanmar,1998,101
Myanmar,1997,103
Myanmar,1996,98
Myanmar,1995,110
Myanmar,1994,96
Myanmar,1993,139
Myanmar,1992,144
Myanmar,1991,136
Myanmar,1990,115
Neth. Antilles (former),2011,2974
Neth. Antilles (former),2010,1518
Neth. Antilles (former),2009,4038
Neth. Antilles (former),2008,3960
Neth. Antilles (former),2007,4056
Neth. Antilles (former),2006,3487
Neth. Antilles (former),2005,3647
Neth. Antilles (former),2004,3190
Neth. Antilles (former),2003,3313
Neth. Antilles (former),2002,3713
Neth. Antilles (former),2001,4431
Neth. Antilles (former),2000,3533
Neth. Antilles (former),1999,4004
Neth. Antilles (former),1998,5218
Neth. Antilles (former),1997,5112
Neth. Antilles (former),1996,5013
Neth. Antilles (former),1995,5010
Neth. Antilles (former),1994,5008
Neth. Antilles (former),1993,5005
Neth. Antilles (former),1992,4700
Neth. Antilles (former),1991,4500
Neth. Antilles (former),1990,4800
Netherlands,2014,8501
Netherlands,2013,8443
Netherlands,2012,8726
Netherlands,2011,8512
Netherlands,2010,9635
Netherlands,2009,8494
Netherlands,2008,8647
Netherlands,2007,9537
Netherlands,2006,10096
Netherlands,2005,9876
Netherlands,2004,11240
Netherlands,2003,10212
Netherlands,2002,10403
Netherlands,2001,9388
Netherlands,2000,10305
Netherlands,1999,10291
Netherlands,1998,13751
Netherlands,1997,12245
Netherlands,1996,12457
Netherlands,1995,12137
Netherlands,1994,12638
Netherlands,1993,14886
Netherlands,1992,14747
Netherlands,1991,13800
Netherlands,1990,12704
New Zealand,2014,512
New Zealand,2013,553
New Zealand,2012,562
New Zealand,2011,594
New Zealand,2010,380
New Zealand,2009,558
New Zealand,2008,509
New Zealand,2007,400
New Zealand,2006,381
New Zealand,2005,461
New Zealand,2004,382
New Zealand,2003,382
New Zealand,2002,445
New Zealand,2001,348
New Zealand,2000,381
New Zealand,1999,352
New Zealand,1998,346
New Zealand,1997,327
New Zealand,1996,291
New Zealand,1995,242
New Zealand,1994,347
New Zealand,1993,247
New Zealand,1992,285
New Zealand,1991,277
New Zealand,1990,280
Nicaragua,2014,292
Nicaragua,2013,301
Nicaragua,2012,234
Nicaragua,2011,355
Nicaragua,2010,372
Nicaragua,2009,395
Nicaragua,2008,346
Nicaragua,2007,395
Nicaragua,2006,404
Nicaragua,2005,378
Nicaragua,2004,427
Nicaragua,2003,400
Nicaragua,2002,410
Nicaragua,2001,475
Nicaragua,2000,407
Nicaragua,1999,427
Nicaragua,1998,449
Nicaragua,1997,355
Nicaragua,1996,250
Nicaragua,1995,184
Nicaragua,1994,255
Nicaragua,1993,223
Nicaragua,1992,252
Nicaragua,1991,247
Nicaragua,1990,297
Nigeria,2014,959
Nigeria,2013,1222
Nigeria,2012,1287
Nigeria,2011,1691
Nigeria,2010,1276
Nigeria,2009,770
Nigeria,2008,1702
Nigeria,2007,1138
Nigeria,2006,2385
Nigeria,2005,3295
Nigeria,2004,2155
Nigeria,2003,2058
Nigeria,2002,2914
Nigeria,2001,3066
Nigeria,2000,1601
Nigeria,1999,3084
Nigeria,1998,2419
Nigeria,1997,2610
Nigeria,1996,2323
Nigeria,1995,1936
Nigeria,1994,1247
Nigeria,1993,2468
Nigeria,1992,2561
Nigeria,1991,3157
Nigeria,1990,2930
Norway,2014,1688
Norway,2013,1668
Norway,2012,1591
Norway,2011,1747
Norway,2010,1870
Norway,2009,2009
Norway,2008,2359
Norway,2007,2066
Norway,2006,1957
Norway,2005,1610
Norway,2004,1845
Norway,2003,1702
Norway,2002,1503
Norway,2001,1647
Norway,2000,1703
Norway,1999,1897
Norway,1998,1868
Norway,1997,1768
Norway,1996,1628
Norway,1995,1607
Norway,1994,1589
Norway,1993,1463
Norway,1992,1541
Norway,1991,1452
Norway,1990,1129
Oman,2014,3039
Oman,2013,3065
Oman,2012,2867
Oman,2011,2933
Oman,2010,2698
Oman,2009,3760
Oman,2008,4080
Oman,2007,1979
Oman,2006,2244
Oman,2005,2319
Oman,2004,2139
Oman,2003,2298
Oman,2002,2209
Oman,2001,1771
Oman,2000,2235
Oman,1999,2199
Oman,1998,2245
Oman,1997,1914
Oman,1996,2128
Oman,1995,2101
Oman,1994,2055
Oman,1993,1314
Oman,1992,1345
Oman,1991,1823
Oman,1990,1687
Other Asia,2014,5880
Other Asia,2013,5812
Other Asia,2012,8828
Other Asia,2011,8287
Other Asia,2010,8699
Other Asia,2009,8315
Other Asia,2008,10108
Other Asia,2007,11137
Other Asia,2006,12302
Other Asia,2005,12920
Other Asia,2004,14800
Other Asia,2003,15408
Other Asia,2002,13223
Other Asia,2001,13999
Other Asia,2000,16006
Other Asia,1999,15420
Other Asia,1998,14361
Other Asia,1997,13177
Other Asia,1996,13165
Other Asia,1995,12315
Other Asia,1994,10049
Other Asia,1993,10505
Other Asia,1992,10053
Other Asia,1991,10420
Other Asia,1990,10172
Pakistan,2014,3064
Pakistan,2013,2926
Pakistan,2012,2653
Pakistan,2011,2174
Pakistan,2010,2434.976
Pakistan,2009,2497.063
Pakistan,2008,3093.115
Pakistan,2007,3324.062
Pakistan,2006,3193
Pakistan,2005,3358
Pakistan,2004,3132
Pakistan,2003,3058
Pakistan,2002,3063
Pakistan,2001,3152
Pakistan,2000,1991
Pakistan,1999,2017
Pakistan,1998,2014
Pakistan,1997,1794
Pakistan,1996,1916
Pakistan,1995,1722
Pakistan,1994,1878
Pakistan,1993,1797
Pakistan,1992,2015
Pakistan,1991,2094
Pakistan,1990,1730
Panama,2002,344
Panama,2001,902
Panama,2000,1187
Panama,1999,1284
Panama,1998,1278
Panama,1997,1176
Panama,1996,1122
Panama,1995,813
Panama,1994,691
Panama,1993,1014
Panama,1992,844
Panama,1991,592
Panama,1990,561
Papua New Guinea,2014,173.267327
Papua New Guinea,2013,177.2029703
Papua New Guinea,2012,138.8688119
Papua New Guinea,2011,120
Papua New Guinea,2010,115
Papua New Guinea,2009,94
Papua New Guinea,2008,120.483
Papua New Guinea,2007,72.29
Papua New Guinea,2006,105
Papua New Guinea,2005,140
Papua New Guinea,2004,100
Papua New Guinea,2003,0
Paraguay,2005,10.89
Paraguay,2004,20.31
Paraguay,2003,29.96
Paraguay,2002,34.48
Paraguay,2001,32.47
Paraguay,2000,40.09
Paraguay,1999,38.37
Paraguay,1998,41.67
Paraguay,1997,43
Paraguay,1996,49
Paraguay,1995,60
Paraguay,1994,71
Paraguay,1993,65
Paraguay,1992,78
Paraguay,1991,61
Paraguay,1990,50
Peru,2014,1735
Peru,2013,1694
Peru,2012,1716
Peru,2011,2414
Peru,2010,2429
Peru,2009,2338
Peru,2008,2825
Peru,2007,2693.3754
Peru,2006,2878
Peru,2005,2958
Peru,2004,3324
Peru,2003,3245
Peru,2002,3140
Peru,2001,3268
Peru,2000,3064.5
Peru,1999,2804.8
Peru,1998,3418.3
Peru,1997,2561
Peru,1996,2656
Peru,1995,2599
Peru,1994,3018
Peru,1993,3401
Peru,1992,3529
Peru,1991,3803
Peru,1990,3745
Philippines,2014,1716.6
Philippines,2013,1604.8
Philippines,2012,1733.6
Philippines,2011,1994.3
Philippines,2010,1948.6
Philippines,2009,1627.8
Philippines,2008,2413.172
Philippines,2007,3206.281
Philippines,2006,3057
Philippines,2005,3463
Philippines,2004,3537
Philippines,2003,3899
Philippines,2002,5169
Philippines,2001,4656
Philippines,2000,5067
Philippines,1999,5506
Philippines,1998,5612
Philippines,1997,5556
Philippines,1996,6406
Philippines,1995,6009
Philippines,1994,4091
Philippines,1993,3932
Philippines,1992,3800
Philippines,1991,3645
Philippines,1990,3992
Poland,2014,3659
Poland,2013,3408
Poland,2012,3430
Poland,2011,3391
Poland,2010,3123
Poland,2009,2599
Poland,2008,2758
Poland,2007,2831
Poland,2006,2824
Poland,2005,2537
Poland,2004,2754
Poland,2003,3253
Poland,2002,3325
Poland,2001,3424
Poland,2000,3558
Poland,1999,3654
Poland,1998,3705
Poland,1997,3458
Poland,1996,3467
Poland,1995,3452
Poland,1994,3259
Poland,1993,3340
Poland,1992,2983
Poland,1991,3480
Poland,1990,3631
Portugal,2014,2498
Portugal,2013,2461
Portugal,2012,2740
Portugal,2011,2534
Portugal,2010,2199
Portugal,2009,1976
Portugal,2008,2783
Portugal,2007,2622
Portugal,2006,2920
Portugal,2005,3062
Portugal,2004,2969
Portugal,2003,2388
Portugal,2002,2358
Portugal,2001,2703
Portugal,2000,3000
Portugal,1999,3141
Portugal,1998,3185
Portugal,1997,3023
Portugal,1996,3116
Portugal,1995,3765
Portugal,1994,3855
Portugal,1993,3807
Portugal,1992,4220
Portugal,1991,3438
Portugal,1990,3816
Qatar,2014,245
Qatar,2013,384
Qatar,2012,321
Qatar,2011,224
Qatar,2010,305
Qatar,2009,238
Qatar,2008,213
Qatar,2007,410
Qatar,2006,734
Qatar,2005,361
Qatar,2004,627
Qatar,2003,429
Qatar,2002,755
Qatar,2001,674
Qatar,2000,940
Qatar,1999,1014
Qatar,1998,983
Qatar,1997,899
Qatar,1996,1009
Qatar,1995,898
Qatar,1994,932
Qatar,1993,850
Qatar,1992,1016
Qatar,1991,943
Qatar,1990,1003
Republic of Moldova,2014,16
Republic of Moldova,2013,16
Republic of Moldova,2012,12
Republic of Moldova,2011,10
Republic of Moldova,2010,12
Republic of Moldova,2009,16
Republic of Moldova,2008,7
Republic of Moldova,2007,5
Republic of Moldova,2006,2
Republic of Moldova,2005,3
Republic of Moldova,2004,0
Republic of Moldova,2003,1
Romania,2014,321
Romania,2013,364
Romania,2012,562
Romania,2011,722
Romania,2010,764
Romania,2009,883
Romania,2008,1168
Romania,2007,1186
Romania,2006,1303
Romania,2005,1707
Romania,2004,1559
Romania,2003,1562
Romania,2002,1700
Romania,2001,1797
Romania,2000,1433
Romania,1999,1825
Romania,1998,1941
Romania,1997,2079
Romania,1996,2402
Romania,1995,2984
Romania,1994,3376
Romania,1993,3711
Romania,1992,3855
Romania,1991,5239
Romania,1990,8384
Russian Federation,2014,82109
Russian Federation,2013,77993
Russian Federation,2012,75072
Russian Federation,2011,73640
Russian Federation,2010,74998
Russian Federation,2009,69573
Russian Federation,2008,69105
Russian Federation,2007,67690
Russian Federation,2006,65189
Russian Federation,2005,62365
Russian Federation,2004,57981
Russian Federation,2003,56377
Russian Federation,2002,58896
Russian Federation,2001,55575
Russian Federation,2000,53347
Russian Federation,1999,55516
Russian Federation,1998,57784
Russian Federation,1997,62155
Russian Federation,1996,63520
Russian Federation,1995,64480
Russian Federation,1994,69544
Russian Federation,1993,82095
Russian Federation,1992,89262
Saudi Arabia,2014,26378
Saudi Arabia,2013,24955
Saudi Arabia,2012,25282
Saudi Arabia,2011,22849
Saudi Arabia,2010,24411
Saudi Arabia,2009,27269
Saudi Arabia,2008,26183
Saudi Arabia,2007,26184
Saudi Arabia,2006,27177
Saudi Arabia,2005,26722
Saudi Arabia,2004,25944
Saudi Arabia,2003,25432
Saudi Arabia,2002,23676
Saudi Arabia,2001,25455
Saudi Arabia,2000,24616
Saudi Arabia,1999,24629
Saudi Arabia,1998,26495
Saudi Arabia,1997,24834
Saudi Arabia,1996,27114
Saudi Arabia,1995,23889
Saudi Arabia,1994,23440
Saudi Arabia,1993,25758
Saudi Arabia,1992,25884
Saudi Arabia,1991,22799
Saudi Arabia,1990,27768
Senegal,2014,179
Senegal,2013,171
Senegal,2012,205
Senegal,2011,175
Senegal,2010,131
Senegal,2009,191
Senegal,2008,243
Senegal,2007,188
Senegal,2006,100
Senegal,2005,279
Senegal,2004,327
Senegal,2003,316
Senegal,2002,255
Senegal,2001,231
Senegal,2000,237
Senegal,1999,227
Senegal,1998,229
Senegal,1997,251
Senegal,1996,227
Senegal,1995,226
Senegal,1994,226
Senegal,1993,225
Senegal,1992,224
Senegal,1991,221
Senegal,1990,218
Serbia,2014,366
Serbia,2013,395
Serbia,2012,472
Serbia,2011,542
Serbia,2010,691
Serbia,2009,626
Serbia,2008,572
Serbia,2007,796
Serbia,2006,674
Serbia,2005,801
Serbia and Montenegro,2004,853
Serbia and Montenegro,2003,919
Serbia and Montenegro,2002,839
Serbia and Montenegro,2001,691
Serbia and Montenegro,2000,341
Serbia and Montenegro,1999,325
Serbia and Montenegro,1998,608
Serbia and Montenegro,1997,959
Serbia and Montenegro,1996,563
Serbia and Montenegro,1995,365
Serbia and Montenegro,1994,347
Serbia and Montenegro,1993,465
Serbia and Montenegro,1992,500
Sierra Leone,1991,50
Sierra Leone,1990,48
Singapore,2014,2528
Singapore,2013,5445
Singapore,2012,4925
Singapore,2011,7017
Singapore,2010,6866
Singapore,2009,4800
Singapore,2008,8097
Singapore,2007,9814
Singapore,2006,10280
Singapore,2005,11104
Singapore,2004,10514
Singapore,2003,8864
Singapore,2002,8086
Singapore,2001,8163
Singapore,2000,8494
Singapore,1999,7760
Singapore,1998,12136
Singapore,1997,11699
Singapore,1996,11802
Singapore,1995,12011
Singapore,1994,13846
Singapore,1993,15249
Singapore,1992,13040
Singapore,1991,12940
Singapore,1990,12200
Slovakia,2014,489
Slovakia,2013,677
Slovakia,2012,616
Slovakia,2011,638
Slovakia,2010,692
Slovakia,2009,630
Slovakia,2008,512
Slovakia,2007,544
Slovakia,2006,654
Slovakia,2005,543
Slovakia,2004,585
Slovakia,2003,635
Slovakia,2002,675
Slovakia,2001,771
Slovakia,2000,507
Slovakia,1999,1129
Slovakia,1998,1153
Slovakia,1997,1042
Slovakia,1996,1064
Slovakia,1995,984
Slovakia,1994,1246
Slovakia,1993,1247
Slovakia,1992,1106
Slovenia,2000,42
Slovenia,1999,65
Slovenia,1998,78
Slovenia,1997,173
Slovenia,1996,121
Slovenia,1995,174
Slovenia,1994,92
Slovenia,1993,114
Slovenia,1992,106
Somalia,2007,0
Somalia,2006,25
Somalia,2005,25
Somalia,2004,25
Somalia,2003,20
Somalia,2002,20
Somalia,2001,20
Somalia,2000,8
Somalia,1999,5
Somalia,1998,6
Somalia,1997,7
Somalia,1996,8
Somalia,1995,9
Somalia,1994,10
Somalia,1993,11
Somalia,1992,12
Somalia,1991,13
Somalia,1990,14
South Africa,2014,3124
South Africa,2013,3355
South Africa,2012,3644
South Africa,2011,3060
South Africa,2010,3002
South Africa,2009,3692
South Africa,2008,3965
South Africa,2007,3465
South Africa,2006,4141
South Africa,2005,5046
South Africa,2004,4197
South Africa,2003,5162
South Africa,2002,8026
South Africa,2001,5131
South Africa,2000,5338
South Africa,1999,5349
South Africa,1998,3414
South Africa,1997,5165
South Africa,1996,3651
South Africa,1995,3589
South Africa,1994,3633
South Africa,1993,3014
South Africa,1992,2368
South Africa,1991,1878
South Africa,1990,1983
Spain,2014,4482
Spain,2013,5296
Spain,2012,6536
Spain,2011,7927
Spain,2010,8334
Spain,2009,9147
Spain,2008,9638
Spain,2007,9340
Spain,2006,9245
Spain,2005,9019
Spain,2004,9125
Spain,2003,10130
Spain,2002,12122
Spain,2001,11784
Spain,2000,13080
Spain,1999,14126
Spain,1998,15058
Spain,1997,13623
Spain,1996,12546
Spain,1995,13815
Spain,1994,14252
Spain,1993,14828
Spain,1992,16953
Spain,1991,15989
Spain,1990,14980
Sri Lanka,2014,641.21
Sri Lanka,2013,723.78
Sri Lanka,2012,648
Sri Lanka,2011,615
Sri Lanka,2010,686
Sri Lanka,2009,781
Sri Lanka,2008,732
Sri Lanka,2007,772
Sri Lanka,2006,766
Sri Lanka,2005,699
Sri Lanka,2004,786
Sri Lanka,2003,713
Sri Lanka,2002,774
Sri Lanka,2001,687
Sri Lanka,2000,736
Sri Lanka,1999,654
Sri Lanka,1998,742
Sri Lanka,1997,690
Sri Lanka,1996,775
Sri Lanka,1995,602
Sri Lanka,1994,657
Sri Lanka,1993,580
Sri Lanka,1992,498
Sri Lanka,1991,617
Sri Lanka,1990,605
Sudan,2014,403
Sudan,2013,253
Sudan,2012,398
Sudan (former),2011,629
Sudan (former),2010,675
Sudan (former),2009,817
Sudan (former),2008,718
Sudan (former),2007,661
Sudan (former),2006,562
Sudan (former),2005,411
Sudan (former),2004,422
Sudan (former),2003,328
Sudan (former),2002,290
Sudan (former),2001,249
Sudan (former),2000,305
Sudan (former),1999,249
Sudan (former),1998,331
Sudan (former),1997,462
Sudan (former),1996,288
Sudan (former),1995,308
Sudan (former),1994,280
Sudan (former),1993,130
Sudan (former),1992,280
Sudan (former),1991,314
Sudan (former),1990,304
Suriname,2014,961
Suriname,2013,928.9
Suriname,2012,865.1
Suriname,2011,843.1
Suriname,2010,778.8
Suriname,2009,820.3
Suriname,2008,833.7
Suriname,2007,763.2
Suriname,2006,672.6
Suriname,2005,605.1
Suriname,2004,572.5
Suriname,2003,600.7
Suriname,2002,630.6
Suriname,2001,314
Suriname,2000,258
Suriname,1999,0
Suriname,1998,0
Suriname,1997,0
Sweden,2014,3161
Sweden,2013,4124
Sweden,2012,5099
Sweden,2011,4970
Sweden,2010,5153
Sweden,2009,4426
Sweden,2008,4636
Sweden,2007,4246
Sweden,2006,5226
Sweden,2005,5576
Sweden,2004,5450
Sweden,2003,5170
Sweden,2002,5069
Sweden,2001,5919
Sweden,2000,6403
Sweden,1999,5673
Sweden,1998,5959
Sweden,1997,6230
Sweden,1996,5824
Sweden,1995,5477
Sweden,1994,5725
Sweden,1993,5975
Sweden,1992,5689
Sweden,1991,5307
Sweden,1990,5070
Switzerland,2014,394
Switzerland,2013,365
Switzerland,2012,275
Switzerland,2011,344
Switzerland,2010,377
Switzerland,2009,383
Switzerland,2008,596
Switzerland,2007,587
Switzerland,2006,583
Switzerland,2005,611
Switzerland,2004,701
Switzerland,2003,759
Switzerland,2002,743
Switzerland,2001,775
Switzerland,2000,754
Switzerland,1999,795
Switzerland,1998,709
Switzerland,1997,763
Switzerland,1996,896
Switzerland,1995,772
Switzerland,1994,842
Switzerland,1993,892
Switzerland,1992,860
Switzerland,1991,944
Switzerland,1990,504
Syrian Arab Republic,2014,2225
Syrian Arab Republic,2013,2225
Syrian Arab Republic,2012,3365
Syrian Arab Republic,2011,4741
Syrian Arab Republic,2010,4838
Syrian Arab Republic,2009,4116
Syrian Arab Republic,2008,4376
Syrian Arab Republic,2007,4279
Syrian Arab Republic,2006,5030
Syrian Arab Republic,2005,5467
Syrian Arab Republic,2004,4535.6
Syrian Arab Republic,2003,4799
Syrian Arab Republic,2002,5956
Syrian Arab Republic,2001,5466
Syrian Arab Republic,2000,4906
Syrian Arab Republic,1999,5201
Syrian Arab Republic,1998,5237
Syrian Arab Republic,1997,5250
Syrian Arab Republic,1996,5158
Syrian Arab Republic,1995,4993
Syrian Arab Republic,1994,5019
Syrian Arab Republic,1993,5028
Syrian Arab Republic,1992,5246
Syrian Arab Republic,1991,5731
Syrian Arab Republic,1990,5390
T.F.Yug.Rep. Macedonia,2014,0
T.F.Yug.Rep. Macedonia,2013,20.745
T.F.Yug.Rep. Macedonia,2012,97.071
T.F.Yug.Rep. Macedonia,2011,245.553
T.F.Yug.Rep. Macedonia,2010,259.638
T.F.Yug.Rep. Macedonia,2009,361.869
T.F.Yug.Rep. Macedonia,2008,360.68
T.F.Yug.Rep. Macedonia,2007,402.023
T.F.Yug.Rep. Macedonia,2006,327
T.F.Yug.Rep. Macedonia,2005,295
T.F.Yug.Rep. Macedonia,2004,282
T.F.Yug.Rep. Macedonia,2003,343
T.F.Yug.Rep. Macedonia,2002,254
T.F.Yug.Rep. Macedonia,2001,282
T.F.Yug.Rep. Macedonia,2000,377
T.F.Yug.Rep. Macedonia,1999,249
T.F.Yug.Rep. Macedonia,1998,290
T.F.Yug.Rep. Macedonia,1997,174
T.F.Yug.Rep. Macedonia,1996,333
T.F.Yug.Rep. Macedonia,1995,48
T.F.Yug.Rep. Macedonia,1994,42
T.F.Yug.Rep. Macedonia,1993,446
T.F.Yug.Rep. Macedonia,1992,440
Tajikistan,2014,15
Tajikistan,2013,13
Tajikistan,2012,10.9
Tajikistan,2011,9.6
Tajikistan,2010,11.7
Tajikistan,2009,9.1
Tajikistan,2008,10.2
Tajikistan,2007,8.3
Thailand,2014,5328
Thailand,2013,5557
Thailand,2012,6393
Thailand,2011,6074
Thailand,2010,6266
Thailand,2009,7188
Thailand,2008,7174
Thailand,2007,7333
Thailand,2006,6578
Thailand,2005,6409
Thailand,2004,6335.0427
Thailand,2003,5947
Thailand,2002,5867
Thailand,2001,6290
Thailand,2000,6873
Thailand,1999,7715
Thailand,1998,7631
Thailand,1997,8570
Thailand,1996,8239
Thailand,1995,5905
Thailand,1994,5703
Thailand,1993,4686
Thailand,1992,4270
Thailand,1991,3449
Thailand,1990,3388
Trinidad and Tobago,2014,2588
Trinidad and Tobago,2013,2897
Trinidad and Tobago,2012,2297
Trinidad and Tobago,2011,2461
Trinidad and Tobago,2010,2210
Trinidad and Tobago,2009,2547
Trinidad and Tobago,2008,2624
Trinidad and Tobago,2007,2884
Trinidad and Tobago,2006,2888
Trinidad and Tobago,2005,3161
Trinidad and Tobago,2004,2954
Trinidad and Tobago,2003,3228
Trinidad and Tobago,2002,3096
Trinidad and Tobago,2001,3481
Trinidad and Tobago,2000,3284
Trinidad and Tobago,1999,3170
Trinidad and Tobago,1998,3185
Trinidad and Tobago,1997,2497
Trinidad and Tobago,1996,2535
Trinidad and Tobago,1995,2113
Trinidad and Tobago,1994,2520
Trinidad and Tobago,1993,2501
Trinidad and Tobago,1992,2614
Trinidad and Tobago,1991,2957
Trinidad and Tobago,1990,2249
Tunisia,2014,563
Tunisia,2013,551
Tunisia,2012,612
Tunisia,2011,251
Tunisia,2010,94
Tunisia,2009,607
Tunisia,2008,668
Tunisia,2007,646
Tunisia,2006,604
Tunisia,2005,609
Tunisia,2004,595
Tunisia,2003,609
Tunisia,2002,604
Tunisia,2001,596
Tunisia,2000,653
Tunisia,1999,625
Tunisia,1998,631
Tunisia,1997,646
Tunisia,1996,643
Tunisia,1995,645
Tunisia,1994,581
Tunisia,1993,450
Tunisia,1992,422
Tunisia,1991,527
Tunisia,1990,580
Turkey,2014,3837
Turkey,2013,3013
Turkey,2012,1567
Turkey,2011,2492
Turkey,2010,2780
Turkey,2009,3012
Turkey,2008,5363
Turkey,2007,6369
Turkey,2006,7271
Turkey,2005,7208
Turkey,2004,7845
Turkey,2003,8038
Turkey,2002,7970
Turkey,2001,8456
Turkey,2000,8022
Turkey,1999,8379
Turkey,1998,8213
Turkey,1997,8790
Turkey,1996,8952
Turkey,1995,9415
Turkey,1994,8620
Turkey,1993,9283
Turkey,1992,8902
Turkey,1991,8905
Turkey,1990,8723
Turkmenistan,2014,1690
Turkmenistan,2013,1760
Turkmenistan,2012,2160
Turkmenistan,2011,2230
Turkmenistan,2010,2200
Turkmenistan,2009,2040
Turkmenistan,2008,2080
Turkmenistan,2007,2100
Turkmenistan,2006,2160
Turkmenistan,2005,2200
Turkmenistan,2004,2240
Turkmenistan,2003,2235
Turkmenistan,2002,1970
Turkmenistan,2001,1719
Turkmenistan,2000,1480
Turkmenistan,1999,1556
Turkmenistan,1998,1578
Turkmenistan,1997,1600
Turkmenistan,1996,1301
Turkmenistan,1995,1139
Turkmenistan,1994,1246
Turkmenistan,1993,1234
Turkmenistan,1992,1667
Ukraine,2014,516
Ukraine,2013,658
Ukraine,2012,790
Ukraine,2011,2181
Ukraine,2010,2464
Ukraine,2009,2600
Ukraine,2008,2460
Ukraine,2007,3477
Ukraine,2006,3836
Ukraine,2005,5889
Ukraine,2004,7766
Ukraine,2003,7970
Ukraine,2002,7330
Ukraine,2001,5479
Ukraine,2000,3192
Ukraine,1999,3918
Ukraine,1998,4542
Ukraine,1997,4326
Ukraine,1996,5141
Ukraine,1995,6910
Ukraine,1994,8082
Ukraine,1993,9259
Ukraine,1992,17678
United Arab Emirates,2014,1433
United Arab Emirates,2013,2793
United Arab Emirates,2012,1935
United Arab Emirates,2011,2037
United Arab Emirates,2010,3053
United Arab Emirates,2009,2366
United Arab Emirates,2008,907
United Arab Emirates,2007,1102
United Arab Emirates,2006,1173
United Arab Emirates,2005,1299
United Arab Emirates,2004,1291
United Arab Emirates,2003,1173
United Arab Emirates,2002,1704
United Arab Emirates,2001,1985
United Arab Emirates,2000,2028
United Arab Emirates,1999,2011
United Arab Emirates,1998,2938
United Arab Emirates,1997,13129
United Arab Emirates,1996,13066
United Arab Emirates,1995,2403
United Arab Emirates,1994,2403
United Arab Emirates,1993,2185
United Arab Emirates,1992,2125
United Arab Emirates,1991,2052
United Arab Emirates,1990,1822
United Kingdom,2014,5408
United Kingdom,2013,6574
United Kingdom,2012,7504
United Kingdom,2011,7907
United Kingdom,2010,7525
United Kingdom,2009,8640
United Kingdom,2008,11199
United Kingdom,2007,11452
United Kingdom,2006,12277
United Kingdom,2005,11728
United Kingdom,2004,12988
United Kingdom,2003,11517
United Kingdom,2002,10551
United Kingdom,2001,11912
United Kingdom,2000,11621
United Kingdom,1999,12195
United Kingdom,1998,13476
United Kingdom,1997,14062
United Kingdom,1996,13779
United Kingdom,1995,13287
United Kingdom,1994,13826
United Kingdom,1993,15539
United Kingdom,1992,14651
United Kingdom,1991,15422
United Kingdom,1990,15825
United Rep. of Tanzania,1999,145
United Rep. of Tanzania,1998,149
United Rep. of Tanzania,1997,141
United Rep. of Tanzania,1996,182
United Rep. of Tanzania,1995,210
United Rep. of Tanzania,1994,245
United Rep. of Tanzania,1993,242
United Rep. of Tanzania,1992,240
United Rep. of Tanzania,1991,238
United Rep. of Tanzania,1990,235
United States,2014,23820
United States,2013,26057
United States,2012,27696
United States,2011,29529
United States,2010,34054
United States,2009,34740
United States,2008,36470
United States,2007,39493
United States,2006,37666
United States,2005,37180
United States,2004,38916
United States,2003,39219
United States,2002,35879
United States,2001,43041
United States,2000,42576
United States,1999,43213
United States,1998,45395
United States,1997,42207
United States,1996,43192
United States,1995,46311
United States,1994,50048
United States,1993,50958
United States,1992,54262
United States,1991,56387
United States,1990,58694
Uruguay,2014,355.6
Uruguay,2013,372.3
Uruguay,2012,414.1
Uruguay,2011,306.9
Uruguay,2010,461.8
Uruguay,2009,512.7
Uruguay,2008,524.7
Uruguay,2007,368.2
Uruguay,2006,381
Uruguay,2005,505
Uruguay,2004,518
Uruguay,2003,448
Uruguay,2002,392
Uruguay,2001,506
Uruguay,2000,621
Uruguay,1999,459
Uruguay,1998,555
Uruguay,1997,474
Uruguay,1996,587
Uruguay,1995,496
Uruguay,1994,0
Uruguay,1993,143
Uruguay,1992,404
Uruguay,1991,322
Uruguay,1990,367
USSR (former),1991,165860
USSR (former),1990,169041
Uzbekistan,2014,198
Uzbekistan,2013,228
Uzbekistan,2012,278
Uzbekistan,2011,456
Uzbekistan,2010,508
Uzbekistan,2009,499
Uzbekistan,2008,526
Uzbekistan,2007,740
Uzbekistan,2006,1080
Uzbekistan,2005,1180
Uzbekistan,2004,1420
Uzbekistan,2003,1925
Uzbekistan,2002,1675
Uzbekistan,2001,1700
Uzbekistan,2000,1700
Uzbekistan,1999,1750
Uzbekistan,1998,1977
Uzbekistan,1997,1979
Uzbekistan,1996,2181
Uzbekistan,1995,2082
Uzbekistan,1994,1314
Uzbekistan,1993,1428
Uzbekistan,1992,1595
Venezuela (Bolivar. Rep.),2014,14100
Venezuela (Bolivar. Rep.),2013,13877
Venezuela (Bolivar. Rep.),2012,15828
Venezuela (Bolivar. Rep.),2011,16733
Venezuela (Bolivar. Rep.),2010,14139
Venezuela (Bolivar. Rep.),2009,16300
Venezuela (Bolivar. Rep.),2008,15453
Venezuela (Bolivar. Rep.),2007,10327
Venezuela (Bolivar. Rep.),2006,12457
Venezuela (Bolivar. Rep.),2005,11963
Venezuela (Bolivar. Rep.),2004,14486
Venezuela (Bolivar. Rep.),2003,12841.4055
Venezuela (Bolivar. Rep.),2002,12758.7844
Venezuela (Bolivar. Rep.),2001,14032.2887
Venezuela (Bolivar. Rep.),2000,13938.27161
Venezuela (Bolivar. Rep.),1999,11116.80912
Venezuela (Bolivar. Rep.),1998,10893
Venezuela (Bolivar. Rep.),1997,9974
Venezuela (Bolivar. Rep.),1996,13050
Venezuela (Bolivar. Rep.),1995,12815
Venezuela (Bolivar. Rep.),1994,15445
Venezuela (Bolivar. Rep.),1993,15995
Venezuela (Bolivar. Rep.),1992,14859
Venezuela (Bolivar. Rep.),1991,16719
Venezuela (Bolivar. Rep.),1990,14875
Viet Nam,2014,33
Viet Nam,2013,32
Viet Nam,2012,59
Viet Nam,2011,79
Viet Nam,2010,148
Viet Nam,2009,37
Viet Nam,1991,10
Viet Nam,1990,10
Yemen,2014,569
Yemen,2013,645
Yemen,2012,207
Yemen,2011,490
Yemen,2010,597
Yemen,2009,690
Yemen,2008,536
Yemen,2007,551
Yemen,2006,519
Yemen,2005,512
Yemen,2004,409
Yemen,2003,724
Yemen,2002,457
Yemen,2001,630
Yemen,2000,702
Yemen,1999,726
Yemen,1998,726
Yemen,1997,700
Yemen,1996,738
Yemen,1995,716
Yemen,1994,909
Yemen,1993,946
Yemen,1992,1782
Yemen,1991,1293
Yemen Arab Rep. (former),1990,136
"Yemen, Dem. (former)",1990,1800
"Yugoslavia, SFR (former)",1991,5400
"Yugoslavia, SFR (former)",1990,5900
Zambia,2014,88
Zambia,2013,79
Zambia,2012,82
Zambia,2011,72
Zambia,2010,79
Zambia,2009,74
Zambia,2008,60
Zambia,2007,56
Zambia,2006,50
Zambia,2005,58
Zambia,2004,69
Zambia,2003,60
Zambia,2002,70
Zambia,2001,64
Zambia,2000,3
Zambia,1999,36
Zambia,1998,96
Zambia,1997,101
Zambia,1996,49
Zambia,1995,97
Zambia,1994,90
Zambia,1993,93
Zambia,1992,92
Zambia,1991,92
Zambia,1990,90
,,
fnSeqID,,
1,,